Term,definition
Anemia,生命を脅かす; 緊急処置を要する
Disseminated intravascular coagulation,生命を脅かす; 緊急処置を要する
Febrile neutropenia,生命を脅かす; 緊急処置を要する
Hemolysis,生命を脅かす; 緊急処置を要する
Hemolytic uremic syndrome,"生命を脅かす（例: CNS出血, 血栓/塞栓, 腎不全）"
Spleen disorder,生命を脅かす; 緊急処置を要する
Thrombotic thrombocytopenic purpura,"生命を脅かす（例: CNS出血, 血栓/塞栓, 腎不全）"
"Blood and lymphatic system disorders - Other, specify",生命を脅かす; 緊急処置を要する
Aortic valve disease,"生命を脅かす; 緊急処置を要する（例: 弁置換術, 弁形成術）"
Asystole,生命を脅かす; 緊急処置を要する
Atrial fibrillation,生命を脅かす; 緊急処置を要する
Atrial flutter,生命を脅かす; 緊急処置を要する
Atrioventricular block complete,生命を脅かす; 緊急処置を要する
Cardiac arrest,生命を脅かす; 緊急処置を要する
Conduction disorder,生命を脅かす; 緊急処置を要する
Heart failure,生命を脅かす; 緊急処置を要する（例: 持続的静注療法や機械的な循環動態の補助）
Mitral valve disease,"生命を脅かす; 緊急処置を要する（例: 弁置換術, 弁形成術）"
Mobitz (type) II atrioventricular block,生命を脅かす; 緊急処置を要する
Mobitz type I,生命を脅かす; 緊急処置を要する
Myocardial infarction,生命を脅かす; 緊急処置を要する（例: 持続的静注療法や機械的な循環動態の補助）
Myocarditis,生命を脅かす; 緊急処置を要する（例: 持続的静注療法や機械的な循環動態の補助）
Paroxysmal atrial tachycardia,生命を脅かす; 内科的治療ではコントロールは不完全; 電気的除細動を要する
Pericardial effusion,生命を脅かす; 緊急処置を要する
Pericardial tamponade,生命を脅かす; 緊急処置を要する
Pericarditis,生命を脅かす; 緊急処置を要する
Pulmonary valve disease,"生命を脅かす; 緊急処置を要する（例: 弁置換術, 弁形成術）"
Right ventricular dysfunction,生命を脅かす; 緊急処置を要する（例: 心室補助装置）; 心臓移植の適応
Sick sinus syndrome,生命を脅かす; 緊急処置を要する
Sinus bradycardia,生命を脅かす; 緊急処置を要する
Supraventricular tachycardia,生命を脅かす; 緊急処置を要する
Tricuspid valve disease,"生命を脅かす; 緊急処置を要する（例: 弁置換術, 弁形成術）"
Ventricular arrhythmia,生命を脅かす; 循環動態に影響がある; 緊急処置を要する
Ventricular fibrillation,生命を脅かす; 循環動態に影響がある; 緊急処置を要する
Ventricular tachycardia,生命を脅かす; 血行動態に影響がある; 緊急処置を要する
Wolff-Parkinson-White syndrome,生命を脅かす; 緊急処置を要する
"Cardiac disorders - Other, specify",生命を脅かす; 緊急処置を要する
"Congenital, familial and genetic disorders - Other, specify",生命を脅かす; 緊急処置を要する
Middle ear inflammation,生命を脅かす; 緊急処置を要する
"Ear and labyrinth disorders - Other, specify",生命を脅かす; 緊急処置を要する
Adrenal insufficiency,生命を脅かす; 緊急処置を要する
Hyperthyroidism,生命を脅かす; 緊急処置を要する
Hypoparathyroidism,生命を脅かす; 緊急処置を要する
Hypothyroidism,生命を脅かす; 緊急処置を要する
"Endocrine disorders - Other, specify",生命を脅かす; 緊急処置を要する
Anal fistula,生命を脅かす; 緊急処置を要する
Anal hemorrhage,生命を脅かす; 緊急処置を要する
Anal mucositis,生命を脅かす; 緊急処置を要する
Anal necrosis,生命を脅かす; 緊急の外科的処置を要する
Anal stenosis,生命を脅かす; 緊急の外科的処置を要する
Anal ulcer,生命を脅かす; 緊急の外科的処置を要する
Ascites,生命を脅かす; 緊急の外科的処置を要する
Cecal hemorrhage,生命を脅かす; 緊急処置を要する
Colitis,生命を脅かす; 緊急処置を要する
Colonic fistula,生命を脅かす; 緊急処置を要する
Colonic hemorrhage,生命を脅かす; 緊急処置を要する
Colonic obstruction,生命を脅かす; 緊急の外科的処置を要する
Colonic perforation,生命を脅かす; 緊急処置を要する
Colonic stenosis,生命を脅かす; 緊急の外科的処置を要する
Colonic ulcer,生命を脅かす; 緊急の外科的処置を要する
Constipation,生命を脅かす; 緊急処置を要する
Diarrhea,生命を脅かす; 緊急処置を要する
Duodenal fistula,生命を脅かす; 緊急処置を要する
Duodenal hemorrhage,生命を脅かす; 緊急処置を要する
Duodenal obstruction,生命を脅かす; 緊急の外科的処置を要する
Duodenal perforation,生命を脅かす; 緊急の外科的処置を要する
Duodenal stenosis,生命を脅かす; 緊急の外科的処置を要する
Duodenal ulcer,生命を脅かす; 緊急の外科的処置を要する
Dysphagia,生命を脅かす; 緊急処置を要する
Enterocolitis,生命を脅かす; 緊急処置を要する
Enterovesical fistula,生命を脅かす; 緊急処置を要する
Esophageal fistula,生命を脅かす; 緊急処置を要する
Esophageal hemorrhage,生命を脅かす; 緊急処置を要する
Esophageal necrosis,生命を脅かす; 緊急の外科的処置を要する
Esophageal obstruction,生命を脅かす; 緊急処置を要する
Esophageal perforation,生命を脅かす; 緊急の外科的処置を要する
Esophageal stenosis,生命を脅かす; 緊急の外科的処置を要する
Esophageal ulcer,生命を脅かす; 緊急の外科的処置を要する
Esophageal varices hemorrhage,生命を脅かす; 緊急処置を要する
Esophagitis,生命を脅かす; 緊急の外科的処置を要する
Gastric fistula,生命を脅かす; 緊急の外科的処置を要する
Gastric hemorrhage,生命を脅かす; 緊急処置を要する
Gastric necrosis,生命を脅かす; 緊急の外科的処置を要する
Gastric perforation,生命を脅かす; 緊急の外科的処置を要する
Gastric stenosis,生命を脅かす; 緊急の外科的処置を要する
Gastric ulcer,生命を脅かす; 緊急の外科的処置を要する
Gastritis,生命を脅かす; 緊急の外科的処置を要する
Gastrointestinal fistula,生命を脅かす; 緊急の外科的処置を要する
Hemorrhoidal hemorrhage,生命を脅かす; 緊急処置を要する
Ileal fistula,生命を脅かす; 緊急処置を要する
Ileal hemorrhage,生命を脅かす; 緊急処置を要する
Ileal obstruction,生命を脅かす; 緊急の外科的処置を要する
Ileal perforation,生命を脅かす; 緊急の外科的処置を要する
Ileal stenosis,生命を脅かす; 緊急の外科的処置を要する
Ileal ulcer,生命を脅かす; 緊急の外科的処置を要する
Ileus,生命を脅かす; 緊急処置を要する
Intra-abdominal hemorrhage,生命を脅かす; 緊急処置を要する
Jejunal fistula,生命を脅かす; 緊急処置を要する
Jejunal hemorrhage,生命を脅かす; 緊急処置を要する
Jejunal obstruction,生命を脅かす; 緊急の外科的処置を要する
Jejunal perforation,生命を脅かす; 緊急の外科的処置を要する
Jejunal stenosis,生命を脅かす; 緊急の外科的処置を要する
Jejunal ulcer,生命を脅かす; 緊急の外科的処置を要する
Lower gastrointestinal hemorrhage,生命を脅かす; 緊急処置を要する
Malabsorption,生命を脅かす; 緊急処置を要する
Mucositis oral,生命を脅かす; 緊急処置を要する
Obstruction gastric,生命を脅かす; 緊急の外科的処置を要する
Oral cavity fistula,生命を脅かす; 緊急処置を要する
Oral hemorrhage,生命を脅かす; 緊急処置を要する
Pancreatic duct stenosis,生命を脅かす; 緊急の外科的処置を要する
Pancreatic fistula,生命を脅かす; 緊急の外科的処置を要する
Pancreatic hemorrhage,生命を脅かす; 緊急処置を要する
Pancreatic necrosis,生命を脅かす; 緊急の外科的処置を要する
Pancreatitis,生命を脅かす; 緊急処置を要する
Peritoneal necrosis,生命を脅かす; 緊急の外科的処置を要する
Proctitis,生命を脅かす; 緊急処置を要する
Rectal fistula,生命を脅かす; 緊急処置を要する
Rectal hemorrhage,生命を脅かす; 緊急処置を要する
Rectal mucositis,生命を脅かす; 緊急の外科的処置を要する
Rectal necrosis,生命を脅かす; 緊急の外科的処置を要する
Rectal obstruction,生命を脅かす; 緊急の外科的処置を要する
Rectal perforation,生命を脅かす; 緊急の外科的処置を要する
Rectal stenosis,生命を脅かす; 緊急の外科的処置を要する
Rectal ulcer,生命を脅かす; 緊急の外科的処置を要する
Retroperitoneal hemorrhage,生命を脅かす; 緊急処置を要する
Salivary duct inflammation,生命を脅かす; 緊急処置を要する
Salivary gland fistula,生命を脅かす; 緊急の外科的処置を要する
Small intestinal mucositis,生命を脅かす; 緊急処置を要する
Small intestinal obstruction,生命を脅かす; 緊急の外科的処置を要する
Small intestinal perforation,生命を脅かす; 緊急の外科的処置を要する
Small intestinal stenosis,生命を脅かす; 緊急の外科的処置を要する
Small intestine ulcer,生命を脅かす; 緊急の外科的処置を要する
Typhlitis,生命を脅かす; 緊急の外科的処置を要する
Upper gastrointestinal hemorrhage,生命を脅かす; 緊急処置を要する
Vomiting,生命を脅かす; 緊急処置を要する
"Gastrointestinal disorders - Other, specify",生命を脅かす; 緊急処置を要する
Hypothermia,"≦28℃（82.4°Ｆ）; 生命を脅かす（例: 昏睡, 血圧低下, 肺水腫, 酸血症, 心室細動）"
Infusion related reaction,生命を脅かす; 緊急処置を要する
Infusion site extravasation,生命を脅かす; 緊急処置を要する
Injection site reaction,生命を脅かす; 緊急処置を要する
Multi-organ failure,"生命を脅かす（例:血管収縮薬を要する, 乏尿/無尿/虚血性腸炎/乳酸性アシドーシス）"
"General disorders and administration site conditions - Other, specify",生命を脅かす; 緊急処置を要する
Bile duct stenosis,生命を脅かす; 緊急の外科的処置を要する
Biliary fistula,生命を脅かす; 緊急の外科的処置を要する
Cholecystitis,生命を脅かす; 緊急の外科的処置を要する
Gallbladder fistula,生命を脅かす; 緊急の外科的処置を要する
Gallbladder necrosis,生命を脅かす; 緊急のIVRによる処置または外科的処置を要する
Gallbladder obstruction,生命を脅かす; 緊急の外科的処置を要する
Gallbladder perforation,生命を脅かす; 緊急処置を要する
Hepatic failure,中等度から高度の脳症; 昏睡; 生命を脅かす
Hepatic hemorrhage,生命を脅かす; 緊急処置を要する
Hepatic necrosis,生命を脅かす; 緊急のIVRによる処置または外科的処置を要する
Perforation bile duct,生命を脅かす; 緊急の外科的処置を要する
Portal hypertension,生命を脅かす; 緊急処置を要する
Portal vein thrombosis,生命を脅かす; 緊急処置を要する
"Hepatobiliary disorders - Other, specify",生命を脅かす; 緊急処置を要する
Allergic reaction,生命を脅かす; 緊急処置を要する
Anaphylaxis,生命を脅かす; 緊急処置を要する
Autoimmune disorder,生命を脅かす; 緊急処置を要する
Cytokine release syndrome,生命を脅かす; 陽圧呼吸または人工呼吸を要する
Serum sickness,生命を脅かす; 陽圧呼吸または人工呼吸を要する
"Immune system disorders - Other, specify",生命を脅かす; 緊急処置を要する
Abdominal infection,生命を脅かす; 緊急処置を要する
Anorectal infection,生命を脅かす; 緊急処置を要する
Appendicitis,生命を脅かす; 緊急処置を要する
Appendicitis perforated,生命を脅かす; 緊急処置を要する
Arteritis infective,生命を脅かす; 緊急処置を要する
Biliary tract infection,生命を脅かす; 緊急処置を要する
Bladder infection,生命を脅かす; 緊急処置を要する
Bone infection,生命を脅かす; 緊急処置を要する
Breast infection,生命を脅かす; 緊急処置を要する
Bronchial infection,生命を脅かす; 緊急処置を要する
Catheter related infection,生命を脅かす; 緊急処置を要する
Cecal infection,生命を脅かす; 緊急処置を要する
Cervicitis infection,生命を脅かす; 緊急処置を要する
Conjunctivitis infective,生命を脅かす; 緊急処置を要する
Corneal infection,生命を脅かす; 緊急処置を要する
Cranial nerve infection,生命を脅かす; 緊急処置を要する
Device related infection,生命を脅かす; 緊急処置を要する
Duodenal infection,生命を脅かす; 緊急処置を要する
Encephalitis infection,生命を脅かす; 緊急処置を要する
Encephalomyelitis infection,生命を脅かす; 緊急処置を要する
Endocarditis infective,生命を脅かす; 緊急処置を要する
Enterocolitis infectious,生命を脅かす; 緊急処置を要する
Esophageal infection,生命を脅かす; 緊急処置を要する
Eye infection,生命を脅かす; 緊急処置を要する; 眼球摘出
Gallbladder infection,生命を脅かす; 緊急処置を要する
Gum infection,生命を脅かす; 緊急処置を要する
Hepatic infection,生命を脅かす; 緊急処置を要する
Infective myositis,生命を脅かす; 緊急処置を要する
Joint infection,生命を脅かす; 緊急処置を要する
Kidney infection,生命を脅かす; 緊急処置を要する
Laryngitis,生命を脅かす; 緊急処置を要する
Lung infection,生命を脅かす; 緊急処置を要する
Lymph gland infection,生命を脅かす; 緊急処置を要する
Mediastinal infection,生命を脅かす; 緊急処置を要する
Meningitis,生命を脅かす; 緊急処置を要する
Mucosal infection,生命を脅かす; 緊急処置を要する
Otitis externa,生命を脅かす; 緊急処置を要する
Otitis media,生命を脅かす; 緊急処置を要する
Ovarian infection,生命を脅かす; 緊急処置を要する
Pancreas infection,生命を脅かす; 緊急処置を要する
Papulopustular rash,体表面積のすべてに及ぶ丘疹および/または膿疱. そう痒や圧痛の有無は問わない; 重複感染を伴い抗菌薬の静脈内投与を要する; 生命を脅かす
Pelvic infection,生命を脅かす; 緊急処置を要する
Penile infection,生命を脅かす; 緊急処置を要する
Periorbital infection,生命を脅かす; 緊急処置を要する
Peripheral nerve infection,生命を脅かす; 緊急処置を要する
Peritoneal infection,生命を脅かす; 緊急処置を要する
Pharyngitis,生命を脅かす; 緊急処置を要する
Phlebitis infective,生命を脅かす; 緊急処置を要する
Pleural infection,生命を脅かす; 緊急処置を要する
Prostate infection,生命を脅かす; 緊急処置を要する
Salivary gland infection,生命を脅かす; 緊急処置を要する
Scrotal infection,生命を脅かす; 緊急処置を要する
Sepsis,生命を脅かす; 緊急処置を要する
Sinusitis,生命を脅かす; 緊急処置を要する
Skin infection,生命を脅かす; 緊急処置を要する
Small intestine infection,生命を脅かす; 緊急処置を要する
Soft tissue infection,生命を脅かす; 緊急処置を要する
Splenic infection,生命を脅かす; 緊急処置を要する
Stoma site infection,生命を脅かす; 緊急処置を要する
Tooth infection,生命を脅かす; 緊急処置を要する
Tracheitis,生命を脅かす; 緊急処置を要する
Upper respiratory infection,生命を脅かす; 緊急処置を要する
Urethral infection,生命を脅かす; 緊急処置を要する
Urinary tract infection,生命を脅かす; 緊急処置を要する
Uterine infection,生命を脅かす; 緊急処置を要する
Vaginal infection,生命を脅かす; 緊急処置を要する
Vulval infection,生命を脅かす; 緊急処置を要する
Wound infection,生命を脅かす; 緊急処置を要する
"Infections and infestations - Other, specify",生命を脅かす; 緊急処置を要する
Aortic injury,生命を脅かす; 明らかな臓器損傷; 緊急の外科的処置を要する
Arterial injury,生命を脅かす; 明らかな臓器損傷; 緊急の外科的処置を要する
Biliary anastomotic leak,生命を脅かす; 緊急の外科的処置を要する
Bladder anastomotic leak,生命を脅かす; 緊急の外科的処置を要する
Burn,生命を脅かす
Dermatitis radiation,生命を脅かす; 皮膚全層の壊死や潰瘍; 病変部より自然に出血する; 皮膚移植を要する
Esophageal anastomotic leak,生命を脅かす; 緊急の外科的処置を要する
Fallopian tube anastomotic leak,生命を脅かす; 緊急の外科的処置を要する
Fallopian tube perforation,生命を脅かす; 緊急の外科的処置を要する（例: 臓器切除）
Fracture,生命を脅かす; 緊急処置を要する
Gastric anastomotic leak,生命を脅かす; 緊急の外科的処置を要する
Gastrointestinal anastomotic leak,生命を脅かす; 緊急の外科的処置を要する
Gastrointestinal stoma necrosis,生命を脅かす; 緊急処置を要する
Hip fracture,生命を脅かす; 神経血管損傷を伴う症状
Injury to carotid artery,生命を脅かす; 緊急処置を要する
Injury to inferior vena cava,生命を脅かす; 緊急処置を要する
Injury to jugular vein,生命を脅かす; 緊急処置を要する
Injury to superior vena cava,生命を脅かす; 明らかな臓器損傷; 緊急の外科的処置を要する
Intestinal stoma leak,生命を脅かす; 緊急の外科的処置を要する
Intestinal stoma obstruction,生命を脅かす; 緊急の外科的処置を要する
Intestinal stoma site bleeding,生命を脅かす; 緊急処置を要する
Intraoperative arterial injury,生命を脅かす; 緊急処置を要する
Intraoperative breast injury,生命を脅かす; 緊急処置を要する
Intraoperative cardiac injury,生命を脅かす; 緊急処置を要する
Intraoperative ear injury,生命を脅かす; 緊急処置を要する
Intraoperative endocrine injury,生命を脅かす; 緊急処置を要する
Intraoperative gastrointestinal injury,生命を脅かす; 緊急処置を要する
Intraoperative head and neck injury,生命を脅かす; 緊急処置を要する
Intraoperative hemorrhage,生命を脅かす; 緊急処置を要する
Intraoperative hepatobiliary injury,生命を脅かす; 緊急処置を要する
Intraoperative musculoskeletal injury,生命を脅かす; 緊急処置を要する
Intraoperative neurological injury,生命を脅かす; 緊急処置を要する
Intraoperative ocular injury,生命を脅かす; 緊急処置を要する
Intraoperative renal injury,生命を脅かす; 緊急処置を要する
Intraoperative reproductive tract injury,生命を脅かす; 緊急処置を要する
Intraoperative respiratory injury,生命を脅かす; 緊急処置を要する
Intraoperative skin injury,生命を脅かす; 緊急処置を要する
Intraoperative splenic injury,生命を脅かす; 緊急処置を要する
Intraoperative urinary injury,生命を脅かす; 緊急処置を要する
Intraoperative venous injury,生命を脅かす; 緊急処置を要する
Kidney anastomotic leak,生命を脅かす; 緊急の外科的処置を要する
Large intestinal anastomotic leak,生命を脅かす; 緊急の外科的処置を要する
Pancreatic anastomotic leak,生命を脅かす; 緊急の外科的処置を要する
Pharyngeal anastomotic leak,生命を脅かす; 緊急の外科的処置を要する
Postoperative hemorrhage,生命を脅かす; 緊急処置を要する
Postoperative thoracic procedure complication,生命を脅かす気道損傷; 緊急処置を要する（例: 気管切開や気管内挿管）
Prolapse of intestinal stoma,生命を脅かす; 緊急の外科的処置を要する
Prolapse of urostomy,生命を脅かす; 緊急処置を要する
Radiation recall reaction (dermatologic),生命を脅かす; 皮膚全層の壊死や潰瘍; 病変部より自然に出血する; 皮膚移植を要する
Rectal anastomotic leak,生命を脅かす; 緊急の外科的処置を要する
Small intestinal anastomotic leak,生命を脅かす; 緊急の外科的処置を要する
Spermatic cord anastomotic leak,生命を脅かす; 緊急の外科的処置を要する
Spinal fracture,生命を脅かす; 神経血管損傷を伴う症状
Stenosis of gastrointestinal stoma,生命を脅かす; 緊急の外科的処置を要する
Tracheal hemorrhage,生命を脅かす; 緊急処置を要する
Tracheal obstruction,生命を脅かす気道損傷; 緊急処置を要する（例: 気管切開や気管内挿管）
Tracheostomy site bleeding,生命を脅かす; 緊急処置を要する
Ureteric anastomotic leak,生命を脅かす; 緊急の外科的処置を要する
Urethral anastomotic leak,生命を脅かす; 緊急の外科的処置を要する
Urostomy leak,生命を脅かす; 緊急の外科的処置を要する
Urostomy obstruction,生命を脅かす; 臓器不全; 緊急の外科的処置を要する
Urostomy site bleeding,生命を脅かす; 緊急処置を要する
Urostomy stenosis,生命を脅かす; 緊急の外科的処置を要する
Uterine anastomotic leak,生命を脅かす; 緊急の外科的処置を要する
Uterine perforation,生命を脅かす; 緊急処置を要する
Vaginal anastomotic leak,生命を脅かす; 緊急の外科的処置を要する
Vas deferens anastomotic leak,生命を脅かす; 緊急の外科的処置を要する
Vascular access complication,肺塞栓症を含む塞栓症; 生命を脅かす
Venous injury,生命を脅かす; 明らかな臓器損傷; 緊急の外科的処置を要する
Wound dehiscence,"生命を脅かす; 絞扼の所見があり, 症状を伴うヘルニア; 内臓露出を伴う筋膜離開; 皮弁による大規模な再建, 移植, 切除, 切断術を要する"
"Injury, poisoning and procedural complications - Other, specify",生命を脅かす; 緊急処置を要する
"Investigations - Other, specify",生命を脅かす; 緊急処置を要する
Acidosis,生命を脅かす
Alcohol intolerance,生命を脅かす; 緊急処置を要する
Alkalosis,生命を脅かす
Anorexia,生命を脅かす; 緊急処置を要する
Dehydration,生命を脅かす; 緊急処置を要する
Glucose intolerance,生命を脅かす; 緊急処置を要する
Hypercalcemia,補正血清カルシウム＞13.5 mg/dL; ＞3.4 mmol/L; イオン化カルシウム＞1.8 mmol/L; 生命を脅かす
Hyperglycemia,＞500 mg/dL; ＞27.8 mmol/L; 生命を脅かす
Hyperkalemia,＞7.0 mmol/L; 生命を脅かす
Hypermagnesemia,＞8.0 mg/dL; ＞3.30 mmol/L; 生命を脅かす
Hypernatremia,＞160 mmol/L; 生命を脅かす
Hypertriglyceridemia,"＞1,000 mg/dL; ＞11.4 mmol/L; 生命を脅かす"
Hyperuricemia,＞10 mg/dL; ＞0.59 mmol/L; 生命を脅かす
Hypoalbuminemia,生命を脅かす; 緊急処置を要する
Hypocalcemia,補正血清カルシウム＜6.0 mg/dL; ＜1.5 mmol/L; イオン化カルシウム＜0.8 mmol/L; 生命を脅かす
Hypoglycemia,＜30 mg/dL; ＜1.7 mmol/L; 生命を脅かす; 発作
Hypokalemia,＜2.5 mmol/L; 生命を脅かす
Hypomagnesemia,＜0.7 mg/dL; ＜0.3 mmol/L; 生命を脅かす
Hyponatremia,＜120 mmol/L; 生命を脅かす
Hypophosphatemia,＜1.0 mg/dL; ＜0.3 mmol/L; 生命を脅かす
Iron overload,生命を脅かす; 緊急処置を要する
Tumor lysis syndrome,生命を脅かす; 緊急処置を要する
"Metabolism and nutrition disorders - Other, specify",生命を脅かす; 緊急処置を要する
Abdominal soft tissue necrosis,生命を脅かす; 緊急処置を要する
Avascular necrosis,生命を脅かす; 緊急処置を要する
Head soft tissue necrosis,生命を脅かす; 緊急処置を要する
Neck soft tissue necrosis,生命を脅かす; 緊急処置を要する
Osteonecrosis of jaw,生命を脅かす; 緊急処置を要する
Pelvic soft tissue necrosis,生命を脅かす; 緊急処置を要する
Soft tissue necrosis lower limb,生命を脅かす; 緊急処置を要する
Soft tissue necrosis upper limb,生命を脅かす; 緊急処置を要する
"Musculoskeletal and connective tissue disorder -  Other, specify",生命を脅かす; 緊急処置を要する
Myelodysplastic syndrome,生命を脅かす; 緊急処置を要する
Treatment related secondary malignancy,急性に生命を脅かす二次がん; 白血病急性転化
"Neoplasms benign, malignant and unspecified (incl cysts and polyps) - Other, specify",生命を脅かす; 緊急処置を要する
Arachnoiditis,生命を脅かす; 緊急処置を要する
Central nervous system necrosis,生命を脅かす; 緊急処置を要する
Cerebrospinal fluid leakage,生命を脅かす; 緊急処置を要する
Depressed level of consciousness,生命を脅かす
Edema cerebral,生命を脅かす; 緊急処置を要する
Encephalopathy,生命を脅かす; 緊急処置を要する
Extrapyramidal disorder,生命を脅かす; 緊急処置を要する
Glossopharyngeal nerve disorder,生命を脅かす; 緊急処置を要する
Hydrocephalus,生命を脅かす; 緊急処置を要する
Intracranial hemorrhage,生命を脅かす; 緊急処置を要する
Leukoencephalopathy,"生命を脅かす; 脳室周囲白質, ほとんどの大脳白質を含むT2/FLAIR 強調像の広い高信号域; 高度のくも膜下腔拡大; 高度の脳室拡大"
Meningismus,生命を脅かす; 緊急処置を要する
Myelitis,生命を脅かす; 緊急処置を要する
Peripheral motor neuropathy,生命を脅かす; 緊急処置を要する
Peripheral sensory neuropathy,生命を脅かす; 緊急処置を要する
Pyramidal tract syndrome,生命を脅かす; 緊急処置を要する
Radiculitis,生命を脅かす; 緊急処置を要する
Recurrent laryngeal nerve palsy,生命を脅かす; 緊急処置を要する
Reversible posterior leukoencephalopathy syndrome,生命を脅かす; 緊急処置を要する
Seizure,生命を脅かす; 遷延する痙攣発作の重積状態
Somnolence,生命を脅かす; 緊急処置を要する
Spasticity,生命を脅かす; 自動他動可動域全体にわたる動作不能
Stroke,生命を脅かす; 緊急処置を要する
Vagus nerve disorder,生命を脅かす; 緊急処置を要する
Vasovagal reaction,生命を脅かす; 緊急処置を要する
"Nervous system disorders - Other, specify",生命を脅かす; 緊急処置を要する
"Pregnancy, puerperium and perinatal conditions - Other, specify",生命を脅かす; 緊急処置を要する
Agitation,生命を脅かす; 緊急処置を要する
Anxiety,生命を脅かす; 入院を要する
Confusion,生命を脅かす; 緊急処置を要する
Delirium,生命を脅かす; 自傷他害の危険がある; 入院を要する
Delusions,生命を脅かす; 自傷他害の危険がある; 入院を要する
Depression,生命を脅かす; 自傷他害の危険がある; 入院を要する
Hallucinations,生命を脅かす; 自傷他害の危険がある; 入院を要する
Mania,生命を脅かす; 自傷他害の危険がある; 入院を要する
Personality change,生命を脅かす; 自傷他害の危険がある; 入院を要する
Psychosis,生命を脅かす; 自傷他害の危険がある; 入院を要する
"Psychiatric disorders - Other, specify",生命を脅かす; 入院を要する; 緊急処置を要する
Acute kidney injury,生命を脅かす; 人工透析を要する
Bladder perforation,生命を脅かす; 臓器不全; 緊急の外科的処置を要する
Cystitis noninfective,生命を脅かす;緊急のIVRによる処置または外科的処置を要する
Hematuria,生命を脅かす; 緊急のIVRによる処置または外科的処置を要する
Renal calculi,生命を脅かす; 緊急のIVRによる処置/内視鏡的処置/外科的処置を要する
Renal hemorrhage,生命を脅かす; 緊急のIVRによる処置または外科的処置を要する
Urinary fistula,生命を脅かす; 緊急のIVRによる処置または外科的処置を要する
Urinary retention,生命を脅かす; 臓器不全; 緊急の外科的処置を要する
Urinary tract obstruction,生命を脅かす; 緊急処置を要する
"Renal and urinary disorders - Other, specify",生命を脅かす; 緊急処置を要する
Fallopian tube stenosis,生命を脅かす; 緊急の外科的処置を要する（例: 臓器切除）
Female genital tract fistula,生命を脅かす; 緊急処置を要する
Hematosalpinx,生命を脅かす; 緊急の外科的処置を要する
Menorrhagia,生命を脅かす; 緊急処置を要する
Ovarian hemorrhage,生命を脅かす; 緊急の外科的処置を要する
Ovarian rupture,生命を脅かす; 緊急処置を要する
Pelvic floor muscle weakness,生命を脅かす; 緊急処置を要する
Prostatic hemorrhage,生命を脅かす; 緊急の外科的処置を要する
Spermatic cord hemorrhage,生命を脅かす; 緊急の外科的処置を要する
Testicular disorder,生命を脅かす; 緊急処置を要する
Testicular hemorrhage,生命を脅かす; 緊急の外科的処置を要する
Uterine fistula,生命を脅かす; 緊急処置を要する
Uterine hemorrhage,生命を脅かす; 緊急の外科的処置を要する
Vaginal fistula,生命を脅かす; 緊急処置を要する
Vaginal hemorrhage,生命を脅かす; 緊急の外科的処置を要する
Vaginal inflammation,広範囲に及ぶ粘膜潰瘍; 生命を脅かす; 緊急処置を要する
Vaginal perforation,生命を脅かす; 緊急処置を要する
"Reproductive system and breast disorders - Other, specify",生命を脅かす; 緊急処置を要する
Adult respiratory distress syndrome,生命を脅かす呼吸障害/循環動態の悪化; 挿管/緊急処置を要する
Apnea,生命を脅かす呼吸障害/循環動態の悪化; 挿管/緊急処置を要する
Aspiration,生命を脅かす呼吸障害/循環動態の悪化; 挿管/緊急処置を要する
Atelectasis,生命を脅かす呼吸障害/循環動態の悪化; 挿管/緊急処置を要する
Bronchial fistula,"生命を脅かす; 胸郭形成術, 持続開放ドレナージ, 複数箇所の開胸を伴う緊急の外科的処置を要する"
Bronchial obstruction,生命を脅かす呼吸障害/循環動態の悪化; 挿管/緊急処置を要する
Bronchial stricture,生命を脅かす呼吸障害/循環動態の悪化; 挿管/緊急処置を要する
Bronchopleural fistula,"生命を脅かす; 胸腔形成術, 持続解放ドレナージ, 複数箇所の開胸を伴う緊急の外科的処置を要する"
Bronchopulmonary hemorrhage,生命を脅かす呼吸障害/循環動態の悪化; 挿管/緊急処置を要する
Bronchospasm,生命を脅かす呼吸障害/循環動態の悪化; 挿管/緊急処置を要する
Chylothorax,生命を脅かす呼吸障害/循環動態の悪化; 挿管/緊急処置を要する
Dyspnea,生命を脅かす; 緊急処置を要する
Epistaxis,生命を脅かす; 緊急処置を要する
Hypoxia,生命を脅かす; 緊急処置を要する（例: 気管切開/挿管）
Laryngeal edema,生命を脅かす; 緊急処置を要する（例: 気管切開/挿管）
Laryngeal fistula,"生命を脅かす; 緊急の外科的処置を要する（例: 胸郭形成術, 長期開放ドレナージ, または複数箇所の開胸術）"
Laryngeal hemorrhage,生命を脅かす; 緊急処置を要する（例: 気管切開/挿管）
Laryngeal mucositis,生命を脅かす; 緊急処置を要する（例: 気管切開/挿管）
Laryngeal obstruction,生命を脅かす; 緊急処置を要する
Laryngeal stenosis,生命を脅かす; 緊急処置を要する
Laryngopharyngeal dysesthesia,生命を脅かす
Mediastinal hemorrhage,生命を脅かす; 緊急処置を要する
Pharyngeal fistula,生命を脅かす; 緊急処置を要する
Pharyngeal hemorrhage,生命を脅かす; 緊急処置を要する（例: 気管切開/挿管）
Pharyngeal mucositis,生命を脅かす; 緊急処置を要する
Pharyngeal necrosis,生命を脅かす; 緊急の外科的処置を要する
Pharyngeal stenosis,生命を脅かす; 緊急処置を要する（例: 気管切開/挿管）
Pleural effusion,生命を脅かす呼吸障害/循環動態の悪化; 挿管/緊急処置を要する
Pleural hemorrhage,生命を脅かす呼吸障害/循環動態の悪化; 挿管/緊急処置を要する
Pneumonitis,生命を脅かす; 緊急処置を要する（例: 気管切開/挿管）
Pneumothorax,生命を脅かす; 緊急処置を要する
Pulmonary edema,生命を脅かす; 緊急処置/人工呼吸を要する
Pulmonary fibrosis,"生命を脅かす（例: 循環動態/肺合併症）; 人工呼吸を要する; 画像所見上の線維化が＞75%であり, 高度な蜂巣状変化を伴う"
Pulmonary fistula,生命を脅かす; 緊急の外科的処置を要する
Pulmonary hypertension,生命を脅かす; 緊急処置を要する（例: 気管切開/挿管）
Respiratory failure,生命を脅かす; 緊急処置/挿管/人工呼吸を要する
Retinoic acid syndrome,生命を脅かす; 人工呼吸を要する
Stridor,生命を脅かす; 緊急処置を要する（例: 気管切開/挿管）
Tracheal fistula,生命を脅かす; 緊急の外科的処置を要する（例: 胸郭形成術/長期開放ドレナージ/複数箇所の開胸術）
Tracheal mucositis,生命を脅かす; 緊急処置を要する
Tracheal stenosis,生命を脅かす; 緊急処置を要する（例: 気管切開/挿管）
Wheezing,生命を脅かす; 緊急処置を要する
"Respiratory, thoracic and mediastinal disorders - Other, specify",生命を脅かす; 緊急処置を要する
Photosensitivity,生命を脅かす; 緊急処置を要する
Rash acneiform,"紅色丘疹および/または膿疱が体表のどの程度の面積を占めるかによらず, そう痒や圧痛の有無も問わないが, 静注抗菌薬を要する広範囲の局所の二次感染を伴う; 生命を脅かす"
"Skin and subcutaneous tissue disorders - Other, specify",生命を脅かす; 緊急の処置を要する
"Social circumstances - Other, specify",生命を脅かす; 緊急の処置を要する
"Surgical and medical procedures - Other, specify",生命を脅かす; 緊急の処置を要する
Capillary leak syndrome,生命を脅かす; 緊急治療を要する
Hematoma,生命を脅かす; 緊急処置を要する
Hypertension,"生命を脅かす（例: 悪性高血圧, 一過性または恒久的な神経障害, 高血圧クリーゼ）; 緊急処置を要する小児: 成人と同じ"
Hypotension,"生命を脅かし, 緊急治療を要する"
Lymph leakage,生命を脅かす; 緊急処置を要する
Peripheral ischemia,生命を脅かす; 重要臓器の障害がある; 緊急の外科的処置を要する
Superior vena cava syndrome,"生命を脅かす; 緊急の集学的治療を要する（例: 血栓溶解, 血栓除去術, 手術）"
Thromboembolic event,"生命を脅かす（例: 肺塞栓症, 脳血管イベント, 動脈系循環不全）; 循環動態が不安定または神経学的に不安定; 緊急処置を要する"
Vasculitis,生命を脅かす; 末梢または内臓の虚血; 緊急処置を要する
Visceral arterial ischemia,生命を脅かす; 重要臓器の障害がある; 緊急の外科的処置を要する
"Vascular disorders - Other, specify",生命を脅かす; 緊急処置を要する
